Country Name,Country Code,Indicator Name,Indicator Code,1960,1961,1962,1963,1964,1965,1966,1967,1968,1969,1970,1971,1972,1973,1974,1975,1976,1977,1978,1979,1980,1981,1982,1983,1984,1985,1986,1987,1988,1989,1990,1991,1992,1993,1994,1995,1996,1997,1998,1999,2000,2001,2002,2003,2004,2005,2006,2007,2008,2009,2010,2011,2012,2013,2014,2015,2016,2017,2018,2019,2020
Viet Nam,VNM,San luong xuat khau cong nghe cao (% san luong xuat khau san xuat),TX.VAL.TECH.MF.ZS,,,,,,,,,,,,,,,,,,,,,,,,,,,,,,,,,,,,,,,,,,,,,,,,,8.829579032,10.52367722,13.12845176,18.81052406,27.16079684,33.59562197,32.05589553,36.36841281,38.05584795,41.73807003,40.75124077,40.43606065,
Viet Nam,VNM,Chi so ty le thuong mai hang hoa rong (2000 = 100),TT.PRI.MRCH.XD.WD,,,,,,,,,,,,,,,,,,,,,,,,,,,,,,,,,,,,,,,,,100,94.81180061,95.57105427,101.0243349,103.2365466,109.0783178,112.7562958,115.009276,121.4311138,121.0190172,126.8636857,126.2725419,126.0064915,125.9419655,128.6784508,131.4520467,136.5073605,136.9864737,135.7487252,135.5247006,
Viet Nam,VNM,Thuong mai hang hoa (% GDP),TG.VAL.TOTL.GD.ZS,,,,,,,,,,,,,,,,,,,,,,,,,,18.12739688,11.17835326,9.02665223,14.92301746,71.67934842,79.66944528,46.02964643,51.9104598,49.44255324,60.66398748,65.60518956,74.61835935,77.39991007,76.66778794,81.17165245,96.6267775,95.59984705,103.9581631,114.7967504,128.6743572,120.0747715,127.8271386,143.6980243,144.6570767,119.8372001,135.4900624,150.2558976,146.5209839,154.2243177,160.0744102,169.5679569,171.176711,191.229447,195.9764184,197.6399434,201.1207897
Viet Nam,VNM,"Dan so, tong cong",SP.POP.TOTL,32670048,33666111,34683410,35721213,36780001,37858947,38958046,40072951,41193588,42307149,43404802,44484032,45548476,46603522,47657554,48718190,49785278,50861166,51959021,53095406,54281841,55522804,56814309,58148384,59512619,60896732,62293859,63701974,65120432,66550231,67988855,69436956,70883488,72300308,73651220,74910462,76068739,77133212,78115712,79035871,79910411,80742500,81534406,82301650,83062819,83832662,84617545,85419588,86243424,87092250,87967655,88871384,89801926,90752593,91713850,92677082,93640435,94600643,95545959,96462108,97338583
Viet Nam,VNM,Tang truong dan so (% hang nam),SP.POP.GROW,,3.003302824,2.976975156,2.948323935,2.920953237,2.891308603,2.861799111,2.821624454,2.758104512,2.667346569,2.561400128,2.456021317,2.364687209,2.289895227,2.236503082,2.201132315,2.166684619,2.138036757,2.13556648,2.163505829,2.209934262,2.260406813,2.299439377,2.320987537,2.319028572,2.299113744,2.268333797,2.23527016,2.202280447,2.171866033,2.138677878,2.10754383,2.061828203,1.979087416,1.851231842,1.695285274,1.534383169,1.389656102,1.265726153,1.171059811,1.100433196,1.035893387,0.976001214,0.936606541,0.920602086,0.922551594,0.931893993,0.943380936,0.959836735,0.979409219,1.000128838,1.022101084,1.04162218,1.0530623,1.053635811,1.044781055,1.034107367,1.020198501,0.994310472,0.954289022,0.904517906
Viet Nam,VNM,"Ty le sinh san, tong cong (so lan sinh san cua moi mot phu nu)",SP.DYN.TFRT.IN,6.348,6.392,6.425,6.448,6.464,6.475,6.485,6.493,6.494,6.487,6.465,6.421,6.35,6.251,6.125,5.973,5.8,5.614,5.423,5.232,5.046,4.865,4.691,4.521,4.359,4.205,4.062,3.929,3.802,3.68,3.553,3.415,3.26,3.089,2.904,2.714,2.529,2.359,2.213,2.096,2.01,1.954,1.92,1.901,1.894,1.894,1.899,1.907,1.918,1.928,1.938,1.949,1.962,1.978,1.996,2.014,2.03,2.042,2.049,2.05,
Viet Nam,VNM,"Tuoi tho uoc tinh vao thoi diem chao doi, tong cong (so tuoi)",SP.DYN.LE00.IN,59.039,59.72,60.387,61.02,61.581,61.963,62.037,61.767,61.186,60.383,59.563,58.98,58.826,59.203,60.112,61.446,63.01,64.547,65.859,66.865,67.542,67.942,68.203,68.439,68.688,68.972,69.293,69.624,69.943,70.252,70.551,70.842,71.124,71.399,71.666,71.923,72.168,72.399,72.617,72.824,73.025,73.228,73.438,73.654,73.875,74.092,74.295,74.474,74.625,74.745,74.837,74.904,74.958,75.006,75.056,75.11,75.172,75.241,75.317,75.4,
Viet Nam,VNM,"Ty le tu vong, tre so sinh (tren moi 1,000 tre em con song khi chao doi)",SP.DYN.IMRT.IN,,,,,56.8,56.4,56,55.6,55.3,54.8,54.4,53.9,53.3,52.7,52,51.2,50.4,49.4,48.5,47.5,46.6,45.7,44.9,44.2,43.4,42.6,41.7,40.7,39.5,38.2,36.9,35.4,34,32.4,31,29.5,28.1,26.8,25.5,24.4,23.4,22.5,21.7,21,20.4,19.8,19.4,19.1,18.8,18.5,18.3,18,17.8,17.6,17.4,17.2,16.9,16.6,16.3,15.9,
Viet Nam,VNM,Ty le tranh thai (% phu nu tu 15-49 tuoi),SP.DYN.CONU.ZS,,,,,,,,,,,,,,,,,,,,,,20,,,,,58,,53.2,,,,,,65,,,75.3,71.9,,74.2,73.9,78.5,75.3,75.7,76.8,75.7,79,79.4,,78,77.8,76.3,77.3,75.7,75.7,77.5,,76.4,76.5,
Viet Nam,VNM,"Ty le sinh san o thanh thieu nien (so ca sinh no tren moi 1,000 phu nu tu 15-19 tuoi)",SP.ADO.TFRT,19.0252,19.1786,19.332,19.36,19.388,19.416,19.444,19.472,19.3898,19.3076,19.2254,19.1432,19.061,19.0126,18.9642,18.9158,18.8674,18.819,19.3076,19.7962,20.2848,20.7734,21.262,22.3484,23.4348,24.5212,25.6076,26.694,28.1168,29.5396,30.9624,32.3852,33.808,32.9962,32.1844,31.3726,30.5608,29.749,29.3812,29.0134,28.6456,28.2778,27.91,28.4872,29.0644,29.6416,30.2188,30.796,31.849,32.902,33.955,35.008,36.061,35.0346,34.0082,32.9818,31.9554,30.929,29.1518,27.3746,
Viet Nam,VNM,Nhap cu thuan tuy,SM.POP.NETM,,,0,,,,,0,,,,,0,,,,,-858895,,,,,-327564,,,,,-332327,,,,,-394236,,,,,-216001,,,,,-650999,,,,,-799969,,,,,-399999,,,,,-399999,,,
Viet Nam,VNM,"That nghiep, tong cong (% tong so luc luong lao dong)",SL.UEM.TOTL.ZS,,,,,,,,,,,,,,,,,,,,,,,,,,,,,,,,1.83,1.86,1.91,1.93,1.93,1.93,2.87,2.29,2.33,2.26,2.76,2.12,2.25,2.14,2.13,2.08,2.03,1.8,1.74,1.11,1,1.03,1.32,1.26,1.85,1.85,1.87,1.16,2.04,2.27
Viet Nam,VNM,Ty le ngheo doi theo dau nguoi o muc ngheo doi quoc gia (% dan so),SI.POV.NAHC,,,,,,,,,,,,,,,,,,,,,,,,,,,,,,,,,,,,,,,,,,,,,,,,,,,20.7,,17.2,,13.5,,9.8,,6.7,,
Viet Nam,VNM,Chi so GINI,SI.POV.GINI,,,,,,,,,,,,,,,,,,,,,,,,,,,,,,,,,35.7,,,,,35.4,,,,,37,,36.8,,35.8,,35.6,,39.3,,35.6,,34.8,,35.3,,35.7,,
Viet Nam,VNM,Ty le nguoi ngheo tinh theo dau nguoi o muc chi tieu $1.90 mot ngay (PPP) (% dan so),SI.POV.DDAY,,,,,,,,,,,,,,,,,,,,,,,,,,,,,,,,,52.3,,,,,31.4,,,,,37,,25.8,,18.8,,14.1,,4,,2.7,,2.6,,1.8,,1.8,,
Viet Nam,VNM,Phan thu nhap cua 20% thap nhat,SI.DST.FRST.20,,,,,,,,,,,,,,,,,,,,,,,,,,,,,,,,,7.8,,,,,8,,,,,7.5,,7.2,,7.2,,7.4,,6.5,,7.1,,7.1,,6.9,,6.7,,
Viet Nam,VNM,"Ty le suy dinh duong, can nang theo tuoi (% tre em duoi 5 tuoi)",SH.STA.MALN.ZS,,,,,,,,,,,,,,,,,,,,,,,,,,,,,40.7,,,,,36.6,40.6,,,,35.8,31.1,26.7,,23.4,24.6,23.8,22.7,22.1,22.6,20.2,17.5,11.7,16.8,16.2,15.3,14.5,14.1,13.8,13.4,,,
Viet Nam,VNM,So ca sinh no co nhan vien y te co tay nghe tham gia (% tong so),SH.STA.BRTC.ZS,,,,,,,,,,,,,,,,,,,,,,,,,,,,,,,,,,,,,,77.1,,,58.8,,85,,,,83.8,,,,,91.9,,,93.8,,,,,,
Viet Nam,VNM,"Tiem phong, benh soi (% tre em tu 12-23 thang tuoi)",SH.IMM.MEAS,,,,,,,,,,,,,,,,,,,,,,,1,3,4,19,39,36,56,76,88,88,90,93,96,95,96,96,96,94,97,98,96,93,97,95,93,83,92,97,98,96,96,98,97,97,99,97,97,95,
Viet Nam,VNM,"Ty le tu vong duoi 5 tuoi (moi 1,000 tre em con song khi chao doi)",SH.DYN.MORT,,,,,86.3,85.6,85,84.3,83.7,82.9,82.1,81.3,80.3,79.1,77.9,76.6,75.1,73.4,71.7,70.1,68.5,66.9,65.4,64.1,62.7,61.3,59.7,57.9,55.9,53.6,51.3,48.8,46.3,43.7,41.3,38.9,36.7,34.7,32.8,31.2,29.7,28.5,27.3,26.4,25.6,24.9,24.3,23.9,23.5,23.1,22.9,22.6,22.3,22.1,21.8,21.5,21.2,20.8,20.4,19.9,
Viet Nam,VNM,"Ty le nhiem HIV, tong cong (% dan so tu 15-49 tuoi)",SH.DYN.AIDS.ZS,,,,,,,,,,,,,,,,,,,,,,,,,,,,,,,0.1,0.1,0.1,0.1,0.1,0.1,0.1,0.2,0.2,0.2,0.3,0.3,0.3,0.3,0.3,0.3,0.3,0.3,0.3,0.4,0.4,0.4,0.4,0.4,0.4,0.4,0.4,0.4,0.4,0.3,0.3
Viet Nam,VNM,"Muc chi cua chinh phu cho giao duc, tong cong (% GDP)",SE.XPD.TOTL.GD.ZS,,,,,,,,,,,,,,,,,,,,,,,,,,,,,,,,,,,,,,,,,,,,,,,,,4.886740208,4.816500187,5.137219906,4.813720226,5.533289909,5.65199995,,4.465760231,4.344810009,4.085539818,4.167449951,4.061970234,
Viet Nam,VNM,"Si so hoc sinh, trung hoc (% tong so)",SE.SEC.ENRR,,,,,,,,,,,,,,,,,35.89334106,37.75392914,,,43.45309067,,,,,,,,,,34.903759,,,,,,,,58.26018143,,,,,,,,,,,,,,,,,,,,,,
Viet Nam,VNM,"Si so hoc sinh, tieu hoc (% tong so)",SE.PRM.ENRR,,,,,,,,,,,,,,,,,109.9609909,113.0968018,112.1842575,103.8526535,110.0554504,107.6304169,,104.5800934,104.9889908,104.3746872,105.1889038,108.7706223,109.7296677,108.0415573,105.2082367,106.7521515,107.7012863,111.0992279,112.3967285,113.8593063,114.5189667,115.7247772,114.7697983,111.9241714,109.5282593,106.5501328,103.0718613,100.2129593,98.92958832,97.72135162,98.12531281,99.78874207,101.6587524,102.3212509,105.7091675,107.193718,107.7544022,108.4108963,110.329628,109.8869934,111.2049179,109.1508331,110.5948105,115.435173,117.1571732
Viet Nam,VNM,"Ty le hoan thanh tieu hoc, tong cong (% nhom tuoi lien quan)",SE.PRM.CMPT.ZS,,,,,,,,,,,,,,,,,,,,81.48097992,,,,,,,,,,,,,,,,,,,,99.7494812,99.77178192,105.2023468,102.1941681,100.9092178,,93.75769043,97.44434357,,,,,103.2278595,102.6396866,100.0165863,107.1828766,105.1644592,105.9639893,,110.0212097,,
Viet Nam,VNM,Ty le hoc sinh nu tren hoc sinh nam o cap giao duc tieu hoc va trung hoc (%),SE.ENR.PRSC.FM.ZS,,,,,,,,,,,,,,,,,1.020290017,1.01394999,,,,,,,,,,,,,,,,,,,,,0.939800024,,,,,,,,,,,,,,,,,,,,,,
Viet Nam,VNM,"Ty le biet chu, tong cong nguoi lon (% so nguo tu 15 tuoi tro len)",SE.ADT.LITR.ZS,,,,,,,,,,,,,,,,,,,,83.82594299,,,,,,,,,,87.59645081,,,,,,,,,,90.27829742,90.15612793,,,,,,,,,93.52044678,,,,,,,,,,95.7538681,
Viet Nam,VNM,"GNI tinh theo dau nguoi, PPP ($ quoc te hien tai)",NY.GNP.PCAP.PP.CD,,,,,,,,,,,,,,,,,,,,,,,,,,,,,,,860,930,1030,1120,1240,1380,1500,1630,1720,1820,2120,2280,2430,2620,2880,2910,3160,3420,3650,3450,4050,4330,4840,5130,5470,5790,6300,6650,7290,7890,
Viet Nam,VNM,"GNI theo dau nguoi, phuong phap Atlas (US$ hien tai)",NY.GNP.PCAP.CD,,,,,,,,,,,,,,,,,,,,,,,,,,,,,,210,130,110,130,160,190,250,300,330,340,360,410,430,450,500,580,630,720,840,980,1010,1250,1370,1540,1720,1880,1970,2080,2130,2380,2590,2660
Viet Nam,VNM,"GNI, PPP ($ quoc te hien tai)",NY.GNP.MKTP.PP.CD,,,,,,,,,,,,,,,,,,,,,,,,,,,,,,,58419558463,64704858676,73354028643,80821624943,91040117517,1.03318E+11,1.14469E+11,1.25613E+11,1.34337E+11,1.43523E+11,1.69102E+11,1.83775E+11,1.98446E+11,2.1566E+11,2.39305E+11,2.43642E+11,2.67675E+11,2.92489E+11,3.14506E+11,3.00737E+11,3.56506E+11,3.84663E+11,4.34659E+11,4.65498E+11,5.01888E+11,5.36539E+11,5.89742E+11,6.28964E+11,6.96173E+11,7.61554E+11,
Viet Nam,VNM,"GNI, phuong phap Atlas (US$ hien tai)",NY.GNP.ATLS.CD,,,,,,,,,,,,,,,,,,,,,,,,,,,,,,14153947054,8528434371,7569187211,9221407681,11664291589,14012881771,18479876115,22493557806,25763781933,26875318413,28099548179,32629185570,34787535632,36888559415,41219401301,48397204095,52884327654,61119346853,71581154221,84934003165,88288551523,1.10302E+11,1.22033E+11,1.38087E+11,1.56269E+11,1.72359E+11,1.82493E+11,1.94603E+11,2.01791E+11,2.27811E+11,2.49441E+11,2.59319E+11
Viet Nam,VNM,"GDP tinh theo dau nguoi, PPP ($ quoc te hien tai)",NY.GDP.PCAP.PP.CD,,,,,,,,,,,,,,,,,,,,,,,,,,,,,,,917.6743385,984.2942606,1071.446677,1162.147546,1268.183628,1394.461459,1528.980876,1658.925355,1751.984959,1840.440839,1987.302735,2134.438335,2282.858327,2462.501575,2694.458125,2960.641018,3232.812969,3522.938331,3758.554922,3952.734241,4213.295721,4523.252728,5042.481186,5358.946637,5745.205254,6102.636869,6572.976234,7155.443187,7768.080218,8381.23932,
Viet Nam,VNM,GDP tinh theo dau nguoi (US$ hien tai),NY.GDP.PCAP.CD,,,,,,,,,,,,,,,,,,,,,,,,,,231.4522858,422.7802977,575.4626827,390.4122234,94.56473524,95.18825998,138.4474504,139.2001228,182.3084018,221.1291752,276.8126628,324.1472239,348.0174071,348.3243173,362.9195028,390.0933309,404.8078612,430.0528724,480.5798343,546.909619,687.4797274,784.3723759,906.2842299,1149.424495,1217.268583,1317.890646,1525.119025,1735.152116,1886.69017,2030.278447,2085.101349,2192.174482,2365.521615,2566.447487,2715.27598,2785.724157
Viet Nam,VNM,Tang truong GDP (% hang nam),NY.GDP.MKTP.KD.ZG,,,,,,,,,,,,,,,,,,,,,,,,,,3.805855668,2.789291575,3.583469633,5.135011671,7.364512893,5.10091814,5.960843932,8.64604746,8.072730657,8.838980952,9.540480175,9.340017496,8.152084143,5.764455464,4.773586881,6.787316408,6.192893312,6.320820988,6.899063492,7.536410612,7.547247727,6.977954812,7.129504484,5.661771208,5.397897543,6.423238217,6.240302749,5.247367156,5.421882991,5.983654637,6.679288789,6.210811668,6.81224566,7.075788617,7.017434882,2.905835584
Viet Nam,VNM,GDP (US$ hien tai),NY.GDP.MKTP.CD,,,,,,,,,,,,,,,,,,,,,,,,,,14094687821,26336616250,36658108850,25423812649,6293304975,6471740806,9613369520,9866990236,13180953598,16286433533,20736164459,24657470575,26843700442,27209602050,28683659007,31172518403,32685198735,35064105501,39552513316,45427854693,57633255618,66371664817,77414425532,99130304099,1.06015E+11,1.15932E+11,1.35539E+11,1.5582E+11,1.71222E+11,1.86205E+11,1.93241E+11,2.05276E+11,2.2378E+11,2.45214E+11,2.61921E+11,2.71158E+11
Viet Nam,VNM,"Lam phat, yeu to giam phat GDP (% hang nam)",NY.GDP.DEFL.KD.ZG,,,,,,,,,,,,,,,,,,,,,,,,,,,398.0730856,362.5563212,411.0402533,69.68872535,42.09509813,72.5463846,32.62918446,17.41497463,16.95231603,17.04019542,8.696767121,6.597404782,8.837864123,5.734702832,3.408827662,2.622264785,4.698928166,7.109602462,8.433312129,18.81051957,8.568947975,9.630225614,22.67331618,6.215623149,12.0742957,21.26065929,10.92603381,4.76065484,3.662383811,-0.190788132,1.110649186,4.085788187,3.398105023,1.788598602,1.293487769
Viet Nam,VNM,"Cong nghiep, gia tri gia tang (% GDP)",NV.IND.TOTL.ZS,,,,,,,,,,,,,,,,,,,,,,,,,,27.35042651,28.88146912,28.36236934,23.96238651,22.93809846,22.67429389,23.79443858,27.26359787,28.90031228,28.86845083,28.75591982,29.72988869,32.0751348,32.49126772,34.49475174,36.73077533,38.12942166,38.48667879,39.47000781,40.20874953,38.1311399,38.58473103,38.51162485,37.07769638,37.38818638,32.13189374,32.24441343,33.55779331,33.19004024,33.21439382,33.25008073,32.71504218,33.39912804,34.23237727,34.48966334,33.72410774
Viet Nam,VNM,"Nong nghiep, gia tri gia tang (% GDP)",NV.AGR.TOTL.ZS,,,,,,,,,,,,,,,,,,,,,,,,,,40.17093765,38.06343907,40.55749129,46.29701686,42.06741893,38.73674175,40.48913398,33.93858792,29.86995394,27.42782887,27.18268878,27.75882604,25.77170679,25.78078041,25.43443799,24.534582,23.24104759,23.02944218,22.54243671,21.80769935,19.29997888,18.72678545,18.6550997,20.41314392,19.16845987,18.37848058,19.56775113,19.221401,17.96358637,17.69919977,16.992212,16.31964409,15.34488286,14.68197863,13.95647559,14.85316165
Viet Nam,VNM,Kim ngach nhap khau hang hoa va dich vu (% GDP),NE.IMP.GNFS.ZS,,,,,,,,,,,,,,,,,,,,,,,,,,,16.59615503,14.7971782,15.00518886,34.05510436,45.2770843,36.03191306,38.83128931,37.48948448,43.4600693,41.90841059,51.83725938,51.24177732,52.15294513,52.82116063,57.49559741,56.89400472,61.95773496,67.65469652,73.28545645,67.01535337,70.59680754,84.08750939,83.98078769,72.09743366,80.2150125,83.52367728,76.52531152,81.4680958,83.12975386,88.98816608,91.06233925,98.79114458,102.4748608,103.6046953,103.2004983
Viet Nam,VNM,Tong tich luy tai san (% GDP),NE.GDI.TOTL.ZS,,,,,,,,,,,,,,,,,,,,,,,,,,,14.42403733,13.56097515,17.84435798,14.6306912,12.56584437,15.07033243,17.64014058,24.25530076,25.47581918,27.1442427,28.10289815,28.29958262,29.04987854,27.62975631,29.60991382,31.17277345,33.22053449,35.44485796,35.46533167,33.75740289,34.53665108,39.5662709,36.4931218,37.16255543,35.69380877,29.75063672,27.24332359,26.67561691,26.8326724,27.67672773,26.57805826,26.58211437,26.53305504,26.84383938,26.66178834
Viet Nam,VNM,Kim ngach xuat khau hang hoa va dich vu (% GDP),NE.EXP.GNFS.ZS,,,,,,,,,,,,,,,,,,,,,,,,,,,6.622539299,6.001428373,3.945298226,23.84935779,36.03861364,30.91503934,34.74559582,28.72278267,34.01312864,32.81285533,40.86848743,43.10270675,44.84830338,49.96624597,53.92149701,55.06193328,54.73913369,56.67325792,59.73104141,63.69949267,67.71681433,70.5178746,70.33669194,62.60888407,72.00235607,79.39087299,80.0286188,83.62614117,86.40475934,89.77924864,93.62393906,101.5934358,105.8318051,106.79555,106.12325
Viet Nam,VNM,Chi ngan sach cho quoc phong (% GDP),MS.MIL.XPND.GD.ZS,,,,,,,,,,,,,,,,,,,,,,,,,,,,3.953767787,7.101610416,7.286512654,7.91085687,5.595317246,3.374588355,2.258694691,2.649355305,,,,,,,,,2.128641129,2.01437984,1.780960852,1.938364584,2.304757337,2.156372927,2.26520867,2.305049337,1.982099947,2.156886368,2.176849795,2.285507647,2.361155697,2.442960753,2.267969776,2.28456986,,
Viet Nam,VNM,Luong thue bao dien thoai di dong (moi 100 nguoi),IT.CEL.SETS.P2,0,,,,,0,,,,,0,,,,,0,0,0,0,0,0,0,0,0,0,0,0,0,0,0,0,0,0.001128613,0.005615467,0.016971885,0.031370785,0.090589114,0.208025819,0.285089901,0.415850418,0.986803822,1.549611438,2.33323338,3.331646206,5.971383996,11.44327269,22.32690764,52.70927603,86.81510552,112.7815365,126.8309427,143.2610195,146.6268374,136.343827,148.4488188,129.8315152,128.7907855,126.8661299,147.1952734,141.2268627,142.7333617
Viet Nam,VNM,Thoi gian bat buoc de khoi su kinh doanh (ngay),IC.REG.DURS,,,,,,,,,,,,,,,,,,,,,,,,,,,,,,,,,,,,,,,,,,,,61,47,41,46,37,37,37,36,36,32,34,34,20,24,22,17,16,
Viet Nam,VNM,Chi so thuan loi hoat dong kinh doanh (1=cac qui che tao dieu kien thuan loi nhat cho hoat dong kinh doanh),IC.BUS.EASE.XQ,,,,,,,,,,,,,,,,,,,,,,,,,,,,,,,,,,,,,,,,,,,,,,,,,,,,,,,,,,,,70,
Viet Nam,VNM,"Tong thu ngan sach, khong ke cac khoan tro cap (% GDP)",GC.REV.XGRT.GD.ZS,,,,,,,,,,,,,,,,,,,,,,,,,,,,,,,,,,,,,,,,,,,,,,,,,,,,,,,,,,,,,
Viet Nam,VNM,"No chinh phu trung uong, tong cong (% GDP)",GC.DOD.TOTL.GD.ZS,,,,,,,,,,,,,,,,,,,,,,,,,,,,,,,,,,,,,,,,,,,,,,,,,,,,,,,,,,,,,
Viet Nam,VNM,Khoan chi cho nghien cuu va phat trien (% GDP),GB.XPD.RSDV.GD.ZS,,,,,,,,,,,,,,,,,,,,,,,,,,,,,,,,,,,,,,,,,,,0.19273,,,,,,,,,0.19044,,0.37359,,0.44113,,0.52674,,,
Viet Nam,VNM,"Lam phat, gia tieu dung (% hang nam)",FP.CPI.TOTL.ZG,,,,,,,,,,,,,,,,,,,,,,,,,,,,,,,,,,,,,5.675,3.209526063,7.266198044,4.117102358,-1.710337279,-0.431544512,3.830828382,3.234648173,7.754947487,8.284572431,7.418017151,8.344448898,23.11544835,6.7169827,9.207466488,18.67773228,9.094703396,6.592674759,4.084554466,0.631200905,2.66824817,3.520256888,3.539628059,2.795823675,3.220934367
Viet Nam,VNM,"Luong nuoc ngot lay ra hang nam, tong cong (% nguon luc ben trong)",ER.H2O.FWTL.ZS,,,,,,,,,,,,,,,,,,,,,,,11.35893155,,,,,13.29137451,,,,,15.46388425,,,,,18.28747913,,,,,21.11864218,,,,,22.77740679,,,,,22.77740679,,,,,22.77740679,,,
Viet Nam,VNM,Luong khi thai CO2 (met tan tren dau nguoi),EN.ATM.CO2E.PC,0.181946687,0.183098874,0.217693502,0.196997034,0.20987044,0.217933954,0.225433919,0.195461323,0.203763824,0.201174203,0.649679959,0.551401523,0.506231998,0.538520415,0.400420634,0.447477934,0.279673019,0.300361223,0.296767235,0.306645739,0.30987396,0.319261217,0.323557064,0.332214839,0.294899843,0.347570769,0.370680182,0.40767487,0.355998468,0.263108403,0.270779674,0.263692435,0.272418874,0.335406593,0.363198329,0.404749873,0.44919898,0.520398399,0.574404289,0.571512649,0.629580043,0.692572066,0.812908357,0.856118923,1.016820775,1.097901436,1.131680197,1.23367488,1.363814127,1.512419303,1.698806226,1.676805213,1.639942555,1.692844192,1.837890351,2.257300246,2.390740709,2.348081292,2.698805922,,
Viet Nam,VNM,Su dung nang luong (kg dau tuong duong tinh theo dau nguoi),EG.USE.PCAP.KG.OE,,,,,,,,,,,,297.2383439,292.9831505,299.4675166,274.606309,285.463992,250.7370552,255.0017827,256.0843669,259.2335766,265.1316856,262.4927949,265.7819001,268.0605879,265.0447462,262.1898003,268.5381556,277.8733827,274.3597278,262.4145813,262.7789952,260.7910404,266.6514661,283.6491513,278.6452825,292.1519026,303.8330371,322.8892504,339.7704421,345.5890807,359.6033188,379.5465709,410.1504584,426.6101834,469.1355828,492.0724455,499.5559018,532.4878411,563.9278886,609.2761526,669.6998914,662.5584901,667.324173,660.340504,,,,,,,
Viet Nam,VNM,Tieu dung dien (kWh tren dau nguoi),EG.USE.ELEC.KH.PC,,,,,,,,,,,,40.32907808,37.67414743,39.33179128,33.88759734,38.87664956,46.3189138,53.2626405,54.04258868,52.88593141,53.97753551,54.32002317,56.71106552,56.06346687,64.96101272,68.00036495,71.00218338,77.68990016,84.68924162,91.64506131,95.25090546,98.78025183,101.8431824,112.0603802,129.3121825,153.1027802,179.8373442,202.8957383,232.962096,253.3027061,286.6209761,326.531876,377.5584015,433.1990914,483.9590142,569.9568505,645.2089812,728.0882694,802.5539431,906.1541067,1022.43262,1102.807176,1206.31043,1276.856078,1423.69991,,,,,,
Viet Nam,VNM,"Tong nghia vu tra no (% doanh so xuat khau hang hoa, dich vu va thu nhap can ban)",DT.TDS.DECT.EX.ZS,,,,,,,,,,,,,,,,,,,,,,,,,,,,,,,,,,,,,4.117985816,7.459088681,9.052122774,9.981575776,7.471825151,6.707956397,6.109527747,3.555915781,2.673828759,2.562313316,2.121557333,2.244548714,1.984014151,2.342626191,2.345899635,3.890294673,3.644516652,3.161817701,4.172907151,3.817995398,3.868510133,5.922366271,6.995912793,5.802447831,5.632885923
Viet Nam,VNM,Tro cap phat trien chinh thuc rong nhan duoc (US$ hien tai),DT.ODA.ODAT.CD,191850006.1,167110000.6,176029998.8,226669998.2,244990005.5,314149993.9,516580017.1,460600006.1,449600006.1,464359985.4,435809997.6,464179992.7,574700012.2,477299987.8,705380004.9,387190002.4,233369995.1,295950012.2,417049987.8,379609985.4,270089996.3,270049987.8,248000000,149210006.7,152139999.4,151149993.9,190800003.1,127150001.5,164119995.1,124550003.1,180550003.1,227300003.1,566219970.7,249809997.6,895460022,777989990.2,910299987.8,851989990.2,1050660034,1239790039,1485270020,1256020020,1064170044,1533939941,1657989990,1693479980,1690099976,2346639893,2320510010,3328030029,2769860107,3332000000,4113310059,4085600098,4215620117,3167389893,2906070068,2407489990,1647770020,1094630005,
Viet Nam,VNM,"Tong du no nuoc ngoai (DOD, US$ hien hanh)",DT.DOD.DECT.CD,,,,,,,,,,,,,,,,,,,,,,25579000,42766000,52564000,54570000,61267000,174639228.8,191481041.4,617484768.8,20705352668,23270062150,23395041593,24389145841,24224319558,24855517887,25483320391,26309991483,21830829876,22512305267,23328780656,12841178044,12632834004,13321446639,15571477725,17609714907,18572022977,18730926328,23113869256,26476096053,32741968018,44940152217,53925029239,61612717256,65483934094,72453401721,77831785089,85664366987,1.0409E+11,1.06854E+11,1.17337E+11,1.25045E+11
Viet Nam,VNM,Gia tri thi truong cua cac cong ty niem yet tren thi truong chung khoan (% of GDP),CM.MKT.LCAP.GD.ZS,,,,,,,,,,,,,,,,,,,,,,,,,,,,,,,,,,,,,,,,,,,,,,,,,12.47432946,31.4174488,31.79024589,19.15429271,23.55644224,26.35608839,28.15541248,30.39416942,35.67009112,55.99700688,54.09689873,57.19936162,68.5977278
Viet Nam,VNM,"Tien chuyen khoan ca nhan, nhan duoc (US$ hien tai)",BX.TRF.PWKR.CD.DT,,,,,,,,,,,,,,,,,,,,,,,,,,,,,,,,,,,,,,,,,1340000000,1100000000,1770000000,2100000000,2310000000,3150000000,3800000000,6180000000,6805000000,6020000000,8260000000,8600000000,10000000000,11000000000,12000000000,13000000000,14000000000,15000000000,16000000000,17000000000,17200000000
Viet Nam,VNM,"Dau tu truc tiep cua nuoc ngoai, luong dau tu thuan tuy (BoP, US$ hien tai)",BX.KLT.DINV.CD.WD,,,,,,,,,,,70000,1820000,-890000,1030000,1250000,4090000,-340000,-10000,463333.3333,-60000,1666666.667,17910000,13050000,131111.1111,690000,-80000,40000,10363703.7,7680000,4070000,180000000,375190278,473945856,926303715,1944515936,1780400000,2395000000,2220000000,1671000000,1412000000,1298000000,1300000000,1400000000,1450000000,1610000000,1954000000,2400000000,6700000000,9579000000,7600000000,8000000000,7430000000,8368000000,8900000000,9200000000,11800000000,12600000000,14100000000,15500000000,16120000000,
Viet Nam,VNM,Dien thich be mat (km vuong),AG.SRF.TOTL.K2,,331690,331690,331690,331690,331690,331690,331690,331690,331690,331690,331690,331690,331690,331690,331690,331690,329570,329570,331610,331690,331690,331690,331690,331690,331690,331690,330350,330360,330360,331030,331060,331090,331110,331110,331110,331110,331110,331110,331110,329240,329250,329300,329310,329314,331212,331212,331212,331051,331051,330954,330957,330971,330972,331230,331230,331230,331230,331230,,
Viet Nam,VNM,Dien tich lam nghiep (km vuong),AG.LND.FRST.K2,,,,,,,,,,,,,,,,,,,,,,,,,,,,,,,93759.6,96167.74,98575.88,100984.02,103392.16,105800.3,108208.44,110616.58,113024.72,115432.86,117841,119444.96,121048.92,122652.88,124256.84,125860.8,127464.76,129068.72,130672.68,132276.64,133880.6,135228.2,136575.8,137923.4,139271,140618.6,143776.8,144153.9,144912.9,145671.9,146430.9
Viet Nam,VNM,Dat nong nghiep (% dien tich dat),AG.LND.AGRI.ZS,,19.33085502,19.34621647,19.36157793,19.37693938,19.39230084,19.40766229,19.48446957,19.56127684,19.60736121,19.71489139,19.73025285,19.80706012,19.91459031,19.99139759,20.00675904,20.65194015,20.92844634,21.00218133,21.0451934,21.06977173,21.12507297,21.14965129,21.20495253,21.22953086,20.7379643,20.66115702,20.61507266,20.61507266,20.63043411,20.66422932,20.74103659,21.58284433,21.77332637,21.93615779,21.74874804,23.60133952,24.09905066,24.74730406,25.84718425,28.22606571,30.48313993,30.44598293,30.75757087,31.5915761,32.42525881,32.50233818,32.45267198,33.02738091,33.19250492,34.70216403,34.72957719,34.80923662,35.00112878,35.06853291,39.17760506,39.25629697,39.2453317,39.2453317,,
